{"cameraMode":{"drawMode":0,"name":"Shaded","section":"Shading Mode"},"sceneLighting":true,"audioPlay":false,"sceneViewState":{"m_AlwaysRefresh":false,"showFog":true,"showSkybox":true,"showFlares":true,"showImageEffects":true,"showParticleSystems":true,"showVisualEffectGraphs":true,"m_FxEnabled":true},"in2DMode":false,"pivot":{"x":34.727046966552737,"y":26.21657943725586,"z":16.479528427124025},"rotation":{"x":0.4345763027667999,"y":0.05550636351108551,"z":-0.02597760781645775,"w":0.8988168835639954},"size":11.044933319091797,"orthographic":false}