{"cameraMode":{"drawMode":0,"name":"Shaded","section":"Shading Mode"},"sceneLighting":true,"audioPlay":false,"sceneViewState":{"m_AlwaysRefresh":false,"showFog":true,"showSkybox":true,"showFlares":true,"showImageEffects":true,"showParticleSystems":true,"showVisualEffectGraphs":true,"m_FxEnabled":true},"in2DMode":false,"pivot":{"x":35.895748138427737,"y":26.508647918701173,"z":16.650249481201173},"rotation":{"x":0.42373743653297427,"y":0.09230169653892517,"z":-0.04259240999817848,"w":0.9003315567970276},"size":11.044933319091797,"orthographic":false}