{"cameraMode":{"drawMode":0,"name":"Shaded","section":"Shading Mode"},"sceneLighting":true,"audioPlay":false,"sceneViewState":{"m_AlwaysRefresh":false,"showFog":true,"showSkybox":true,"showFlares":true,"showImageEffects":true,"showParticleSystems":true,"showVisualEffectGraphs":true,"m_FxEnabled":true},"in2DMode":false,"pivot":{"x":-1.429208755493164,"y":0.22732925415039063,"z":-2.833890914916992},"rotation":{"x":-0.09874065220355988,"y":0.8905633687973023,"z":-0.23244191706180573,"w":-0.37830886244773867},"size":11.754453659057618,"orthographic":false}